{"camera":[{"rotation_euler":[[[[0.016666666666666666,1.3146106004714966,-3.8939552307128906,1.3146106004714966,3.927288564046224,1.3146106004714966,2],[10.033333333333333,1.3146106004714966,6.122711181640625,1.3146106004714966,13.019980875651042,1.3146106004714966,2],[17.683333333333334,1.3146106004714966,14.696685791015625,1.3146106004714966,20.669980875651042,1.3146106004714966,2]],0],[[[0.016666666666666666,1.0931110382080078,-3.8939552307128906,1.0931110382080078,3.927288564046224,1.0931110382080078,2],[10.033333333333333,1.0931110382080078,6.122711181640625,1.0931110382080078,13.019980875651042,1.0931110382080078,2],[17.683333333333334,1.0931110382080078,14.696685791015625,1.0931110382080078,20.669980875651042,1.0931110382080078,2]],0],[[[0.016666666666666666,-0.012482741847634315,-3.8939552307128906,-0.012482741847634315,3.927288564046224,-0.012482741847634315,2],[10.033333333333333,-0.012482741847634315,6.122711181640625,-0.012482741847634315,13.019980875651042,-0.012482741847634315,2],[17.683333333333334,-0.012482741847634315,14.696685791015625,-0.012482741847634315,20.669980875651042,-0.012482741847634315,2]],0]],"location":[[[[0.016666666666666666,9.805886268615723,-3.8939552307128906,9.805886268615723,3.927288564046224,9.805886268615723,2],[10.033333333333333,9.029266357421875,6.122711181640625,9.805886268615723,13.019980875651042,8.436141014099121,2],[17.683333333333334,-2.649940013885498,14.696685791015625,-2.649940013885498,20.669980875651042,-2.649940013885498,2]],0],[[[0.016666666666666666,3.3403961658477783,-3.8939552307128906,3.3403961658477783,3.927288564046224,3.3403961658477783,2],[10.033333333333333,2.0831611156463623,6.122711181640625,3.0672426223754883,13.019980875651042,1.3315913677215576,2],[17.683333333333334,-0.8067952394485474,14.696685791015625,-0.8067952394485474,20.669980875651042,-0.8067952394485474,2]],0],[[[0.016666666666666666,5.054051399230957,-3.8939552307128906,5.054051399230957,3.927288564046224,5.054051399230957,2],[10.033333333333333,-5.3377790451049805,6.122711181640625,-5.3377790451049805,13.019980875651042,-5.3377790451049805,2],[17.683333333333334,2.354497194290161,14.696685791015625,2.354497194290161,20.669980875651042,2.354497194290161,2]],0]],"scale":[[[[10.033333333333333,1.0000001192092896,7.046685282389323,1.0000001192092896,13.019980875651042,1.0000001192092896,2],[17.683333333333334,1.0000001192092896,14.696685791015625,1.0000001192092896,20.669980875651042,1.0000001192092896,2]],0],[[[10.033333333333333,1.0000001192092896,7.046685282389323,1.0000001192092896,13.019980875651042,1.0000001192092896,2],[17.683333333333334,1.0000001192092896,14.696685791015625,1.0000001192092896,20.669980875651042,1.0000001192092896,2]],0],[[[10.033333333333333,-1.0000001192092896,7.046685282389323,-1.0000001192092896,13.019980875651042,-1.0000001192092896,2],[17.683333333333334,-1.0000001192092896,14.696685791015625,-1.0000001192092896,20.669980875651042,-1.0000001192092896,2]],0]]}],"target":[{"rotation_euler":[[[[0.0,0.0,-0.0065068582693735754,0.0,0.0065068582693735754,0.0,2],[0.016666666666666666,0.0,0.01015980839729309,0.0,0.04920095602671305,0.0,2],[10.033333333333333,0.0,6.122711181640625,0.0,13.943955485026041,0.0,2]],0],[[[0.0,0.0,-0.0065068582693735754,0.0,0.0065068582693735754,0.0,2],[0.016666666666666666,0.0,0.01015980839729309,0.0,0.04920095602671305,0.0,2],[10.033333333333333,0.0,6.122711181640625,0.0,13.943955485026041,0.0,2]],0],[[[0.0,-0.0,-0.0065068582693735754,-0.0,0.0065068582693735754,-0.0,2],[0.016666666666666666,-0.0,0.01015980839729309,-0.0,0.04920095602671305,-0.0,2],[10.033333333333333,-0.0,6.122711181640625,-0.0,13.943955485026041,-0.0,2]],0]],"location":[[[[0.0,-0.032660484313964844,-0.0065068582693735754,-0.032660484313964844,0.0065068582693735754,-0.032660484313964844,2],[0.016666666666666666,-0.06979067623615265,0.01015980839729309,-0.062339797616004944,0.04920095602671305,-0.10704507678747177,2],[10.033333333333333,-0.6943371295928955,6.122711181640625,-0.6943371295928955,13.943955485026041,-0.6943371295928955,2]],0],[[[0.0,1.1584428548812866,-0.0065068582693735754,1.1584428548812866,0.0065068582693735754,1.1584428548812866,2],[0.016666666666666666,0.03699909523129463,0.01015980839729309,0.22088183462619781,0.04920095602671305,-0.8824145793914795,2],[10.033333333333333,-0.8824145793914795,6.122711181640625,-0.8824145793914795,13.943955485026041,-0.8824145793914795,2]],0],[[[0.0,-0.4872767925262451,-0.0065068582693735754,-0.4872767925262451,0.0065068582693735754,-0.4872767925262451,2],[0.016666666666666666,0.01702016592025757,0.01015980839729309,-0.08176401257514954,0.04920095602671305,0.5109410285949707,2],[10.033333333333333,1.071575403213501,6.122711181640625,1.071575403213501,13.943955485026041,1.071575403213501,2]],0]],"scale":[[[[0.0,1.0,-0.0065068582693735754,1.0,0.0065068582693735754,1.0,2],[0.016666666666666666,1.0,0.01015980839729309,1.0,0.04920095602671305,1.0,2],[10.033333333333333,1.0,6.122711181640625,1.0,13.943955485026041,1.0,2]],0],[[[0.0,1.0,-0.0065068582693735754,1.0,0.0065068582693735754,1.0,2],[0.016666666666666666,1.0,0.01015980839729309,1.0,0.04920095602671305,1.0,2],[10.033333333333333,1.0,6.122711181640625,1.0,13.943955485026041,1.0,2]],0],[[[0.0,-1.0,-0.0065068582693735754,-1.0,0.0065068582693735754,-1.0,2],[0.016666666666666666,-1.0,0.01015980839729309,-1.0,0.04920095602671305,-1.0,2],[10.033333333333333,-1.0,6.122711181640625,-1.0,13.943955485026041,-1.0,2]],0]]}]}